﻿<?xml version="1.0" encoding="utf-8"?>
<XnaContent>
  <Asset Type="ProjectMercury.ParticleEffect">
    <Item>
      <Name>Basic Emitter</Name>
      <Budget>5000</Budget>
      <Term>1</Term>
      <ReleaseQuantity>2</ReleaseQuantity>
      <Enabled>True</Enabled>
      <ReleaseSpeed>
        <Value>25</Value>
        <Variation>25</Variation>
      </ReleaseSpeed>
      <ReleaseColour>
        <Value>0.75 0.75 0.25</Value>
        <Variation>0.25 0.25 0.25</Variation>
      </ReleaseColour>
      <ReleaseOpacity>
        <Value>0.5</Value>
        <Variation>0</Variation>
      </ReleaseOpacity>
      <ReleaseScale>
        <Value>64</Value>
        <Variation>16</Variation>
      </ReleaseScale>
      <ReleaseRotation>
        <Value>0</Value>
        <Variation>0</Variation>
      </ReleaseRotation>
      <ReleaseImpulse>55 55</ReleaseImpulse>
      <ParticleTextureAssetName>Star</ParticleTextureAssetName>
      <Modifiers>
        <Item Type="ProjectMercury.Modifiers.OpacityFastFadeModifier" />
      </Modifiers>
      <BlendMode>Add</BlendMode>
      <TriggerOffset>0 0</TriggerOffset>
      <MinimumTriggerPeriod>0</MinimumTriggerPeriod>
    </Item>
    <Name>Wand</Name>
    <Author />
    <Description />
  </Asset>
</XnaContent>